entry,exit,direction,entry_price,atr,win_target,loss_target,result
2026-08-20 13:49:00,2026-08-20 13:54:00,short,411.03,0.36278571428570267,410.6672142857143,411.57417857142855,tie
2026-08-20 13:54:00,2026-08-20 13:57:00,long,411.335,0.31799285714285475,411.65299285714286,410.8580107142857,tie
2026-08-20 13:57:00,2026-08-20 14:00:00,short,410.86,0.28520714285714427,410.5747928571429,411.28781071428574,loss
2026-08-20 14:00:00,2026-08-20 14:04:00,long,411.53,0.3105642857142844,411.84056428571427,411.06415357142856,loss
2026-08-20 14:05:00,2026-08-20 14:09:00,short,410.99,0.3137785714285672,410.67622142857147,411.4606678571429,win
2026-08-20 14:12:00,2026-08-20 14:19:00,long,411.45,0.3707928571428454,411.8207928571428,410.89381071428573,tie
2026-08-20 14:19:00,2026-08-20 14:21:00,short,410.98,0.36293571428570964,410.6170642857143,411.5244035714286,loss
2026-08-20 14:21:00,2026-08-20 14:24:00,long,411.59,0.3682928571428517,411.95829285714285,411.0375607142857,win
2026-08-20 14:41:00,2026-08-20 14:42:00,short,412.075,0.2895214285714311,411.78547857142854,412.50928214285716,tie
2026-08-20 14:42:00,2026-08-20 14:45:00,long,412.47,0.2913071428571478,412.76130714285716,412.0330392857143,win
2026-08-20 15:10:00,2026-08-20 15:12:00,short,414.805,0.6957142857142904,414.1092857142857,415.84857142857146,tie
2026-08-20 15:12:00,2026-08-20 15:17:00,long,415.6499,0.740000000000005,416.3899,414.5399,win
2026-08-20 15:21:00,2026-08-20 15:28:00,short,415.2,0.5760357142857109,414.6239642857143,416.06405357142853,tie
2026-08-20 15:28:00,2026-08-20 15:33:00,long,415.72,0.46949285714284933,416.18949285714285,415.01576071428576,loss
2026-08-20 15:33:00,2026-08-20 15:39:00,short,414.915,0.4195285714285717,414.4954714285715,415.54429285714286,win
2026-08-20 15:47:00,2026-08-20 15:58:00,long,414.46,0.39203571428572154,414.8520357142857,413.8719464285714,win
2026-08-20 16:04:00,2026-08-20 16:11:00,short,414.51,0.23284285714286415,414.2771571428571,414.8592642857143,win
2026-08-20 16:24:00,2026-08-20 16:25:00,long,413.74,0.22817142857143072,413.96817142857145,413.3977428571429,tie
2026-08-20 16:25:00,2026-08-20 16:27:00,short,413.525,0.21995714285714435,413.30504285714284,413.8549357142857,win
2026-08-20 16:34:00,2026-08-20 16:36:00,long,413.49,0.24596428571429182,413.7359642857143,413.12105357142855,win
2026-08-20 16:42:00,2026-08-20 16:46:00,short,413.39,0.2142142857142874,413.1757857142857,413.7113214285714,loss
2026-08-20 16:46:00,2026-08-20 16:53:00,long,413.74,0.20357142857142613,413.94357142857143,413.4346428571429,loss
2026-08-20 16:54:00,2026-08-20 17:00:00,short,413.5,0.170035714285705,413.3299642857143,413.75505357142856,tie
2026-08-20 17:00:00,2026-08-20 17:02:00,long,413.74,0.16038571428571555,413.90038571428573,413.49942142857145,win
2026-08-20 17:08:00,2026-08-20 17:16:00,short,413.44,0.15884285714286403,413.2811571428571,413.6782642857143,tie
2026-08-20 17:16:00,2026-08-20 17:19:00,long,413.61,0.14466428571428278,413.7546642857143,413.3930035714286,tie
2026-08-20 17:19:00,2026-08-20 17:21:00,short,413.43,0.1473642857142831,413.28263571428573,413.6510464285714,loss
2026-08-20 17:21:00,2026-08-20 17:22:00,long,413.68,0.15408571428570944,413.8340857142857,413.44887142857147,win
2026-08-20 17:27:00,2026-08-20 17:29:00,short,413.52,0.18062142857141744,413.33937857142854,413.7909321428571,loss
2026-08-20 17:29:00,2026-08-20 17:31:00,long,413.835,0.19727142857142002,414.0322714285714,413.53909285714286,win
2026-08-20 17:52:00,2026-08-20 17:57:00,short,414.33,0.09916428571427868,414.2308357142857,414.4787464285714,loss
2026-08-20 17:57:00,2026-08-20 18:01:00,long,414.485,0.09624285714285666,414.58124285714285,414.3406357142857,loss
2026-08-20 18:06:00,2026-08-20 18:07:00,short,414.44,0.1240785714285794,414.3159214285714,414.62611785714284,win
2026-08-20 18:18:00,2026-08-20 18:19:00,long,413.8828,0.2121428571428591,414.0949428571428,413.56458571428567,win
2026-08-20 18:44:00,2026-08-20 18:46:00,short,414.53,0.12254285714286084,414.4074571428571,414.71381428571425,win
2026-08-20 18:49:00,2026-08-20 18:50:00,long,414.64,0.12492857142856499,414.7649285714285,414.4526071428571,win
2026-08-20 18:58:00,2026-08-20 19:00:00,short,414.69,0.13365714285714603,414.55634285714285,414.8904857142857,win
2026-08-20 19:06:00,2026-08-20 19:08:00,long,414.785,0.13077857142858257,414.91577857142863,414.58883214285714,win
2026-08-20 19:19:00,2026-08-20 19:21:00,short,415.04,0.12147857142858243,414.91852142857147,415.2222178571429,win
2026-08-20 19:23:00,2026-08-20 19:26:00,long,415.24,0.12995714285714502,415.3699571428572,415.0450642857143,loss
2026-08-20 19:26:00,2026-08-20 19:28:00,short,414.9901,0.13388571428571286,414.85621428571426,415.19092857142857,win
2026-08-20 19:36:00,2026-08-20 19:37:00,long,414.95,0.13800000000000118,415.08799999999997,414.743,win
2026-08-20 19:46:00,2026-08-20 19:48:00,short,415.03,0.17030714285714663,414.8596928571428,415.2854607142857,tie
2026-08-20 19:48:00,2026-08-20 19:50:00,long,415.26,0.18707142857143463,415.4470714285714,414.97939285714284,win
2026-08-20 19:57:00,2026-08-21 13:30:00,short,415.25,0.20657142857142421,415.0434285714286,415.55985714285714,loss
2026-08-21 13:30:00,2026-08-21 13:37:00,long,420.26,0.5669357142857133,420.8269357142857,419.40959642857143,win
2026-08-21 13:51:00,2026-08-21 13:52:00,short,420.55,0.307235714285708,420.2427642857143,421.0108535714286,win
2026-08-21 14:02:00,2026-08-21 14:05:00,long,420.64,0.3312142857142817,420.97121428571427,420.14317857142856,win
2026-08-21 14:32:00,2026-08-21 14:33:00,short,421.6,0.2616428571428579,421.33835714285715,421.99246428571433,win
2026-08-21 14:48:00,2026-08-21 14:50:00,long,420.88,0.41822142857143213,421.2982214285714,420.25266785714285,win
2026-08-21 14:55:00,2026-08-21 14:59:00,short,420.65,0.3782785714285727,420.2717214285714,421.21741785714283,loss
2026-08-21 15:02:00,2026-08-21 15:05:00,long,421.144,0.30712142857143476,421.45112142857147,420.68331785714287,win
2026-08-21 15:49:00,2026-08-21 15:51:00,short,422.64,0.16669999999999568,422.4733,422.89005,loss
2026-08-21 15:51:00,2026-08-21 15:52:00,long,422.875,0.17919999999999245,423.0542,422.6062,win
2026-08-21 16:08:00,2026-08-21 16:10:00,short,422.86,0.24292857142857624,422.6170714285714,423.2243928571429,loss
2026-08-21 16:13:00,2026-08-21 16:20:00,long,423.3595,0.25322142857141977,423.61272142857143,422.9796678571429,loss
2026-08-21 16:20:00,2026-08-21 16:21:00,short,422.9975,0.2221142857142695,422.77538571428573,423.3306714285714,loss
2026-08-21 16:32:00,2026-08-21 16:38:00,long,423.35,0.23987857142857041,423.5898785714286,422.9901821428572,win
2026-08-21 17:12:00,2026-08-21 17:13:00,short,424.275,0.20821428571428718,424.0667857142857,424.5873214285714,win
2026-08-21 17:28:00,2026-08-21 17:44:00,long,423.96,0.27647142857143436,424.2364714285714,423.54529285714284,tie
2026-08-21 17:44:00,2026-08-21 17:45:00,short,423.68,0.15642142857143426,423.5235785714286,423.91463214285716,win
2026-08-21 17:53:00,2026-08-21 17:54:00,long,423.7899,0.17177142857142208,423.96167142857144,423.5322428571429,win
2026-08-21 18:11:00,2026-08-21 18:18:00,short,424.16,0.13535714285714562,424.0246428571429,424.36303571428573,tie
2026-08-21 18:18:00,2026-08-21 18:20:00,long,424.3299,0.11354285714286659,424.4434428571429,424.1595857142857,win
2026-08-21 18:27:00,2026-08-21 18:29:00,short,424.26,0.0878642857142974,424.1721357142857,424.3917964285714,win
2026-08-21 18:45:00,2026-08-21 18:48:00,long,423.98,0.14581428571429456,424.12581428571434,423.7612785714286,win
2026-08-21 19:01:00,2026-08-21 19:03:00,short,424.01,0.11164285714286441,423.89835714285715,424.1774642857143,loss
2026-08-21 19:12:00,2026-08-21 19:16:00,long,423.99,0.15512857142857683,424.1451285714286,423.75730714285714,tie
2026-08-21 19:16:00,2026-08-21 19:19:00,short,423.8,0.14285714285714285,423.65714285714284,424.01428571428573,loss
2026-08-21 19:19:00,2026-08-21 19:27:00,long,424.01,0.11571428571428603,424.12571428571425,423.83642857142854,tie
2026-08-21 19:27:00,2026-08-21 19:28:00,short,423.9,0.1095999999999963,423.7904,424.0644,win
2026-08-21 19:40:00,2026-08-21 19:47:00,long,423.69,0.14885714285714308,423.83885714285714,423.46671428571426,win
2026-08-21 19:56:00,2026-08-21 19:58:00,short,423.725,0.16474271428570628,423.56025728571433,423.97211407142856,win
